{
  "viz/bench4_02_render_A_az110_el50.png": {
    "f": 579.4112549695428,
    "cx": 320.0,
    "cy": 240.0,
    "cam_pos": [
      0.2838924172750679,
      -0.4928159414885376,
      0.6162311101832846
    ],
    "R_cw": [
      [
        0.9396926207859084,
        -0.2620026302293849,
        0.2198463103929542
      ],
      [
        0.3420201433256687,
        0.7198463103929542,
        -0.6040227735550537
      ],
      [
        0.0,
        0.6427876096865394,
        0.766044443118978
      ]
    ],
    "az": 110.0,
    "el": -50.0,
    "dist": 0.7,
    "lookat": [
      0.13,
      -0.07,
      0.08
    ]
  },
  "viz/bench4_02_render_B_az135_el55.png": {
    "f": 579.4112549695428,
    "cx": 320.0,
    "cy": 240.0,
    "cam_pos": [
      0.4139058513708472,
      -0.35390585137084724,
      0.6534064310022942
    ],
    "R_cw": [
      [
        0.7071067811865476,
        -0.5792279653395691,
        0.40557978767263886
      ],
      [
        0.7071067811865475,
        0.5792279653395692,
        -0.4055797876726389
      ],
      [
        0.0,
        0.5735764363510462,
        0.8191520442889918
      ]
    ],
    "az": 135.0,
    "el": -55.0,
    "dist": 0.7,
    "lookat": [
      0.13,
      -0.07,
      0.08
    ]
  },
  "viz/bench4_02_render_C_az160_el50.png": {
    "f": 579.4112549695428,
    "cx": 320.0,
    "cy": 240.0,
    "cam_pos": [
      0.5528159414885375,
      -0.223892417275068,
      0.6162311101832846
    ],
    "R_cw": [
      [
        0.3420201433256689,
        -0.7198463103929541,
        0.6040227735550536
      ],
      [
        0.9396926207859083,
        0.2620026302293851,
        -0.2198463103929543
      ],
      [
        0.0,
        0.6427876096865394,
        0.766044443118978
      ]
    ],
    "az": 160.0,
    "el": -50.0,
    "dist": 0.7,
    "lookat": [
      0.13,
      -0.07,
      0.08
    ]
  }
}